"term","beta_mean","beta_lo","beta_hi","exp_beta_mean","exp_beta_lo","exp_beta_hi"
"is_home",0.0848988456890102,0.0757573362526268,0.0939267602105198,1.08863474319054,1.07870080995505,1.09847929147327
"opp_strength",-0.186390991993495,-0.200364057283467,-0.174900629594089,0.829981239235529,0.818433299035468,0.839540442155441
"formatvODI",-0.337264768270239,-0.717575509939487,0.228372399998958,0.754801710459101,0.488296179524445,1.25663836732266
"formatvT20",-0.494668505735385,-0.913568292184249,0.0878691712275587,0.645854117556283,0.401774786224776,1.09191833691516
"formatvTest",-0.250083738462892,-0.652653074991537,0.33095618628067,0.824247725346526,0.521430265132172,1.39244733291167
